Entity,Day,Cumulative excess deaths (central estimate),"Cumulative excess deaths (95% CI, lower bound)","Cumulative excess deaths (95% CI, upper bound)",Total confirmed deaths due to COVID-19
Bangladesh,2020-01-01,639.8185,-310.64316,1004.26245,
Bangladesh,2020-01-04,,,,0
Bangladesh,2020-01-05,,,,0
Bangladesh,2020-01-06,1279.6714,-622.84094,2008.648,0
Bangladesh,2020-01-07,,,,0
Bangladesh,2020-01-08,,,,0
Bangladesh,2020-01-09,,,,0
Bangladesh,2020-01-10,,,,0
Bangladesh,2020-01-11,,,,0
Bangladesh,2020-01-12,,,,0
Bangladesh,2020-01-13,1919.4294,-918.8724,2984.8184,0
Bangladesh,2020-01-14,,,,0
Bangladesh,2020-01-15,,,,0
Bangladesh,2020-01-16,,,,0
Bangladesh,2020-01-17,,,,0
Bangladesh,2020-01-18,,,,0
Bangladesh,2020-01-19,,,,0
Bangladesh,2020-01-20,2498.577,-1222.3093,4042.634,0
Bangladesh,2020-01-21,,,,0
Bangladesh,2020-01-22,,,,0
Bangladesh,2020-01-23,,,,0
Bangladesh,2020-01-24,,,,0
Bangladesh,2020-01-25,,,,0
Bangladesh,2020-01-26,,,,0
Bangladesh,2020-01-27,3072.275,-1440.7372,5138.5312,0
Bangladesh,2020-01-28,,,,0
Bangladesh,2020-01-29,,,,0
Bangladesh,2020-01-30,,,,0
Bangladesh,2020-01-31,,,,0
Bangladesh,2020-02-01,,,,0
Bangladesh,2020-02-02,,,,0
Bangladesh,2020-02-03,3795.4292,-2008.3262,6585.9395,0
Bangladesh,2020-02-04,,,,0
Bangladesh,2020-02-05,,,,0
Bangladesh,2020-02-06,,,,0
Bangladesh,2020-02-07,,,,0
Bangladesh,2020-02-08,,,,0
Bangladesh,2020-02-09,,,,0
Bangladesh,2020-02-10,4572.874,-2268.0476,7819.7695,0
Bangladesh,2020-02-11,,,,0
Bangladesh,2020-02-12,,,,0
Bangladesh,2020-02-13,,,,0
Bangladesh,2020-02-14,,,,0
Bangladesh,2020-02-15,,,,0
Bangladesh,2020-02-16,,,,0
Bangladesh,2020-02-17,5222.79,-2850.4426,9075.782,0
Bangladesh,2020-02-18,,,,0
Bangladesh,2020-02-19,,,,0
Bangladesh,2020-02-20,,,,0
Bangladesh,2020-02-21,,,,0
Bangladesh,2020-02-22,,,,0
Bangladesh,2020-02-23,,,,0
Bangladesh,2020-02-24,5723.0454,-4018.1846,10630.956,0
Bangladesh,2020-02-25,,,,0
Bangladesh,2020-02-26,,,,0
Bangladesh,2020-02-27,,,,0
Bangladesh,2020-02-28,,,,0
Bangladesh,2020-02-29,,,,0
Bangladesh,2020-03-01,,,,0
Bangladesh,2020-03-02,5674.8174,-5136.05,10393.555,0
Bangladesh,2020-03-03,,,,0
Bangladesh,2020-03-04,,,,0
Bangladesh,2020-03-05,,,,0
Bangladesh,2020-03-06,,,,0
Bangladesh,2020-03-07,,,,0
Bangladesh,2020-03-08,,,,0
Bangladesh,2020-03-09,6891.43,-5791.0786,11462.835,0
Bangladesh,2020-03-10,,,,0
Bangladesh,2020-03-11,,,,0
Bangladesh,2020-03-12,,,,0
Bangladesh,2020-03-13,,,,0
Bangladesh,2020-03-14,,,,0
Bangladesh,2020-03-15,,,,0
Bangladesh,2020-03-16,8166.2295,-6837.4893,14806.744,0
Bangladesh,2020-03-17,,,,0
Bangladesh,2020-03-18,,,,0
Bangladesh,2020-03-19,,,,1
Bangladesh,2020-03-20,,,,1
Bangladesh,2020-03-21,,,,1
Bangladesh,2020-03-22,,,,2
Bangladesh,2020-03-23,8815.525,-8355.762,15526.679,3
Bangladesh,2020-03-24,,,,4
Bangladesh,2020-03-25,,,,5
Bangladesh,2020-03-26,,,,5
Bangladesh,2020-03-27,,,,5
Bangladesh,2020-03-28,,,,5
Bangladesh,2020-03-29,,,,5
Bangladesh,2020-03-30,9126.983,-10251.08,14397.51,5
Bangladesh,2020-03-31,,,,5
Bangladesh,2020-04-01,,,,6
Bangladesh,2020-04-02,,,,6
Bangladesh,2020-04-03,,,,6
Bangladesh,2020-04-04,,,,8
Bangladesh,2020-04-05,,,,8
Bangladesh,2020-04-06,9797.012,-11558.021,15480.896,12
Bangladesh,2020-04-07,,,,17
Bangladesh,2020-04-08,,,,20
Bangladesh,2020-04-09,,,,21
Bangladesh,2020-04-10,,,,27
Bangladesh,2020-04-11,,,,30
Bangladesh,2020-04-12,,,,34
Bangladesh,2020-04-13,10809.301,-13685.051,17606.861,39
Bangladesh,2020-04-14,,,,46
Bangladesh,2020-04-15,,,,50
Bangladesh,2020-04-16,,,,60
Bangladesh,2020-04-17,,,,75
Bangladesh,2020-04-18,,,,84
Bangladesh,2020-04-19,,,,91
Bangladesh,2020-04-20,10801.321,-15667.578,17901.826,101
Bangladesh,2020-04-21,,,,110
Bangladesh,2020-04-22,,,,120
Bangladesh,2020-04-23,,,,127
Bangladesh,2020-04-24,,,,131
Bangladesh,2020-04-25,,,,140
Bangladesh,2020-04-26,,,,145
Bangladesh,2020-04-27,10346.014,-17560.908,19687.383,152
Bangladesh,2020-04-28,,,,155
Bangladesh,2020-04-29,,,,163
Bangladesh,2020-04-30,,,,168
Bangladesh,2020-05-01,,,,170
Bangladesh,2020-05-02,,,,175
Bangladesh,2020-05-03,,,,177
Bangladesh,2020-05-04,10442.599,-16818.713,21252.281,182
Bangladesh,2020-05-05,,,,183
Bangladesh,2020-05-06,,,,186
Bangladesh,2020-05-07,,,,199
Bangladesh,2020-05-08,,,,206
Bangladesh,2020-05-09,,,,214
Bangladesh,2020-05-10,,,,228
Bangladesh,2020-05-11,11492.104,-16078.696,22699.469,239
Bangladesh,2020-05-12,,,,250
Bangladesh,2020-05-13,,,,269
Bangladesh,2020-05-14,,,,283
Bangladesh,2020-05-15,,,,298
Bangladesh,2020-05-16,,,,314
Bangladesh,2020-05-17,,,,328
Bangladesh,2020-05-18,14326.674,-15705.393,25606.691,349
Bangladesh,2020-05-19,,,,370
Bangladesh,2020-05-20,,,,386
Bangladesh,2020-05-21,,,,408
Bangladesh,2020-05-22,,,,432
Bangladesh,2020-05-23,,,,452
Bangladesh,2020-05-24,,,,480
Bangladesh,2020-05-25,16708.227,-15587.714,27832.09,501
Bangladesh,2020-05-26,,,,522
Bangladesh,2020-05-27,,,,544
Bangladesh,2020-05-28,,,,559
Bangladesh,2020-05-29,,,,582
Bangladesh,2020-05-30,,,,610
Bangladesh,2020-05-31,,,,650
Bangladesh,2020-06-01,19996.377,-14895.667,32034.156,672
Bangladesh,2020-06-02,,,,709
Bangladesh,2020-06-03,,,,746
Bangladesh,2020-06-04,,,,781
Bangladesh,2020-06-05,,,,811
Bangladesh,2020-06-06,,,,846
Bangladesh,2020-06-07,,,,888
Bangladesh,2020-06-08,24554.115,-14187.7705,38646.707,930
Bangladesh,2020-06-09,,,,975
Bangladesh,2020-06-10,,,,1012
Bangladesh,2020-06-11,,,,1049
Bangladesh,2020-06-12,,,,1095
Bangladesh,2020-06-13,,,,1139
Bangladesh,2020-06-14,,,,1171
Bangladesh,2020-06-15,29947.678,-13112.613,44257.934,1209
Bangladesh,2020-06-16,,,,1262
Bangladesh,2020-06-17,,,,1305
Bangladesh,2020-06-18,,,,1343
Bangladesh,2020-06-19,,,,1388
Bangladesh,2020-06-20,,,,1425
Bangladesh,2020-06-21,,,,1464
Bangladesh,2020-06-22,35487.832,-12145.89,54326.84,1502
Bangladesh,2020-06-23,,,,1545
Bangladesh,2020-06-24,,,,1582
Bangladesh,2020-06-25,,,,1621
Bangladesh,2020-06-26,,,,1661
Bangladesh,2020-06-27,,,,1695
Bangladesh,2020-06-28,,,,1738
Bangladesh,2020-06-29,41000.25,-10605.899,62675.65,1783
Bangladesh,2020-06-30,,,,1847
Bangladesh,2020-07-01,,,,1888
Bangladesh,2020-07-02,,,,1926
Bangladesh,2020-07-03,,,,1968
Bangladesh,2020-07-04,,,,1997
Bangladesh,2020-07-05,,,,2052
Bangladesh,2020-07-06,46477.715,-6796.772,74684.93,2096
Bangladesh,2020-07-07,,,,2151
Bangladesh,2020-07-08,,,,2197
Bangladesh,2020-07-09,,,,2238
Bangladesh,2020-07-10,,,,2275
Bangladesh,2020-07-11,,,,2305
Bangladesh,2020-07-12,,,,2352
Bangladesh,2020-07-13,52011.613,-3039.4578,81536.7,2391
Bangladesh,2020-07-14,,,,2424
Bangladesh,2020-07-15,,,,2457
Bangladesh,2020-07-16,,,,2496
Bangladesh,2020-07-17,,,,2547
Bangladesh,2020-07-18,,,,2581
Bangladesh,2020-07-19,,,,2618
Bangladesh,2020-07-20,57337.434,700.41705,88191.5,2668
Bangladesh,2020-07-21,,,,2709
Bangladesh,2020-07-22,,,,2751
Bangladesh,2020-07-23,,,,2801
Bangladesh,2020-07-24,,,,2836
Bangladesh,2020-07-25,,,,2874
Bangladesh,2020-07-26,,,,2928
Bangladesh,2020-07-27,63086.17,2038.7352,94904.72,2965
Bangladesh,2020-07-28,,,,3000
Bangladesh,2020-07-29,,,,3035
Bangladesh,2020-07-30,,,,3083
Bangladesh,2020-07-31,,,,3111
Bangladesh,2020-08-01,,,,3132
Bangladesh,2020-08-02,,,,3154
Bangladesh,2020-08-03,69067.9,4538.3027,102712.09,3184
Bangladesh,2020-08-04,,,,3234
Bangladesh,2020-08-05,,,,3267
Bangladesh,2020-08-06,,,,3306
Bangladesh,2020-08-07,,,,3333
Bangladesh,2020-08-08,,,,3365
Bangladesh,2020-08-09,,,,3399
Bangladesh,2020-08-10,74666.38,6328.911,110697.77,3438
Bangladesh,2020-08-11,,,,3471
Bangladesh,2020-08-12,,,,3513
Bangladesh,2020-08-13,,,,3557
Bangladesh,2020-08-14,,,,3591
Bangladesh,2020-08-15,,,,3625
Bangladesh,2020-08-16,,,,3657
Bangladesh,2020-08-17,79892.12,8840.301,122336.83,3694
Bangladesh,2020-08-18,,,,3740
Bangladesh,2020-08-19,,,,3781
Bangladesh,2020-08-20,,,,3822
Bangladesh,2020-08-21,,,,3861
Bangladesh,2020-08-22,,,,3907
Bangladesh,2020-08-23,,,,3941
Bangladesh,2020-08-24,83920.65,10867.179,126040.89,3983
Bangladesh,2020-08-25,,,,4028
Bangladesh,2020-08-26,,,,4082
Bangladesh,2020-08-27,,,,4127
Bangladesh,2020-08-28,,,,4174
Bangladesh,2020-08-29,,,,4206
Bangladesh,2020-08-30,,,,4248
Bangladesh,2020-08-31,88106.9,12702.37,130646.31,4281
Bangladesh,2020-09-01,,,,4316
Bangladesh,2020-09-02,,,,4351
Bangladesh,2020-09-03,,,,4383
Bangladesh,2020-09-04,,,,4412
Bangladesh,2020-09-05,,,,4447
Bangladesh,2020-09-06,,,,4479
Bangladesh,2020-09-07,92524.586,14368.528,137210.55,4516
Bangladesh,2020-09-08,,,,4552
Bangladesh,2020-09-09,,,,4593
Bangladesh,2020-09-10,,,,4634
Bangladesh,2020-09-11,,,,4668
Bangladesh,2020-09-12,,,,4702
Bangladesh,2020-09-13,,,,4733
Bangladesh,2020-09-14,96407.586,16335.957,143421.14,4759
Bangladesh,2020-09-15,,,,4802
Bangladesh,2020-09-16,,,,4823
Bangladesh,2020-09-17,,,,4859
Bangladesh,2020-09-18,,,,4881
Bangladesh,2020-09-19,,,,4913
Bangladesh,2020-09-20,,,,4939
Bangladesh,2020-09-21,100724.49,18511.719,150004.56,4979
Bangladesh,2020-09-22,,,,5007
Bangladesh,2020-09-23,,,,5044
Bangladesh,2020-09-24,,,,5072
Bangladesh,2020-09-25,,,,5093
Bangladesh,2020-09-26,,,,5129
Bangladesh,2020-09-27,,,,5161
Bangladesh,2020-09-28,104589.62,19098.498,154243.31,5193
Bangladesh,2020-09-29,,,,5219
Bangladesh,2020-09-30,,,,5251
Bangladesh,2020-10-01,,,,5272
Bangladesh,2020-10-02,,,,5305
Bangladesh,2020-10-03,,,,5325
Bangladesh,2020-10-04,,,,5348
Bangladesh,2020-10-05,108162.88,21100.94,157525.9,5375
Bangladesh,2020-10-06,,,,5405
Bangladesh,2020-10-07,,,,5440
Bangladesh,2020-10-08,,,,5460
Bangladesh,2020-10-09,,,,5477
Bangladesh,2020-10-10,,,,5500
Bangladesh,2020-10-11,,,,5524
Bangladesh,2020-10-12,111579.95,23788.537,161357.44,5555
Bangladesh,2020-10-13,,,,5577
Bangladesh,2020-10-14,,,,5593
Bangladesh,2020-10-15,,,,5608
Bangladesh,2020-10-16,,,,5623
Bangladesh,2020-10-17,,,,5646
Bangladesh,2020-10-18,,,,5660
Bangladesh,2020-10-19,114616.195,25704.227,168441.06,5681
Bangladesh,2020-10-20,,,,5699
Bangladesh,2020-10-21,,,,5723
Bangladesh,2020-10-22,,,,5747
Bangladesh,2020-10-23,,,,5761
Bangladesh,2020-10-24,,,,5780
Bangladesh,2020-10-25,,,,5803
Bangladesh,2020-10-26,117728.97,28435.422,176203.62,5818
Bangladesh,2020-10-27,,,,5838
Bangladesh,2020-10-28,,,,5861
Bangladesh,2020-10-29,,,,5886
Bangladesh,2020-10-30,,,,5905
Bangladesh,2020-10-31,,,,5923
Bangladesh,2020-11-01,,,,5941
Bangladesh,2020-11-02,120984.43,30701.584,184338.48,5966
Bangladesh,2020-11-03,,,,5983
Bangladesh,2020-11-04,,,,6004
Bangladesh,2020-11-05,,,,6021
Bangladesh,2020-11-06,,,,6036
Bangladesh,2020-11-07,,,,6049
Bangladesh,2020-11-08,,,,6067
Bangladesh,2020-11-09,125176.44,35949.63,189293.02,6092
Bangladesh,2020-11-10,,,,6108
Bangladesh,2020-11-11,,,,6127
Bangladesh,2020-11-12,,,,6140
Bangladesh,2020-11-13,,,,6159
Bangladesh,2020-11-14,,,,6173
Bangladesh,2020-11-15,,,,6194
Bangladesh,2020-11-16,130830.5,40382.664,193734.02,6215
Bangladesh,2020-11-17,,,,6254
Bangladesh,2020-11-18,,,,6275
Bangladesh,2020-11-19,,,,6305
Bangladesh,2020-11-20,,,,6322
Bangladesh,2020-11-21,,,,6350
Bangladesh,2020-11-22,,,,6388
Bangladesh,2020-11-23,136594.66,45683.977,198936.14,6416
Bangladesh,2020-11-24,,,,6448
Bangladesh,2020-11-25,,,,6487
Bangladesh,2020-11-26,,,,6524
Bangladesh,2020-11-27,,,,6544
Bangladesh,2020-11-28,,,,6580
Bangladesh,2020-11-29,,,,6609
Bangladesh,2020-11-30,142180.67,48935.453,204468.23,6644
Bangladesh,2020-12-01,,,,6675
Bangladesh,2020-12-02,,,,6713
Bangladesh,2020-12-03,,,,6748
Bangladesh,2020-12-04,,,,6772
Bangladesh,2020-12-05,,,,6807
Bangladesh,2020-12-06,,,,6838
Bangladesh,2020-12-07,148171.88,51349.46,210649.9,6874
Bangladesh,2020-12-08,,,,6906
Bangladesh,2020-12-09,,,,6930
Bangladesh,2020-12-10,,,,6967
Bangladesh,2020-12-11,,,,6986
Bangladesh,2020-12-12,,,,7020
Bangladesh,2020-12-13,,,,7052
Bangladesh,2020-12-14,151460.97,52765.426,215368.9,7089
Bangladesh,2020-12-15,,,,7129
Bangladesh,2020-12-16,,,,7156
Bangladesh,2020-12-17,,,,7192
Bangladesh,2020-12-18,,,,7217
Bangladesh,2020-12-19,,,,7242
Bangladesh,2020-12-20,,,,7280
Bangladesh,2020-12-21,154369.8,53654.39,221957.53,7312
Bangladesh,2020-12-22,,,,7329
Bangladesh,2020-12-23,,,,7359
Bangladesh,2020-12-24,,,,7378
Bangladesh,2020-12-25,,,,7398
Bangladesh,2020-12-26,,,,7428
Bangladesh,2020-12-27,,,,7452
Bangladesh,2020-12-28,156826.28,54882.207,226106.53,7479
Bangladesh,2020-12-29,,,,7509
Bangladesh,2020-12-30,,,,7531
Bangladesh,2020-12-31,,,,7559
Bangladesh,2021-01-01,,,,7576
Bangladesh,2021-01-02,,,,7599
Bangladesh,2021-01-03,,,,7626
Bangladesh,2021-01-04,158776.58,56162.156,229234.4,7650
Bangladesh,2021-01-05,,,,7670
Bangladesh,2021-01-06,,,,7687
Bangladesh,2021-01-07,,,,7718
Bangladesh,2021-01-08,,,,7734
Bangladesh,2021-01-09,,,,7756
Bangladesh,2021-01-10,,,,7781
Bangladesh,2021-01-11,161654.83,57128.04,233564.9,7803
Bangladesh,2021-01-12,,,,7819
Bangladesh,2021-01-13,,,,7833
Bangladesh,2021-01-14,,,,7849
Bangladesh,2021-01-15,,,,7862
Bangladesh,2021-01-16,,,,7883
Bangladesh,2021-01-17,,,,7906
Bangladesh,2021-01-18,164178.98,58093.586,238463.53,7922
Bangladesh,2021-01-19,,,,7942
Bangladesh,2021-01-20,,,,7950
Bangladesh,2021-01-21,,,,7966
Bangladesh,2021-01-22,,,,7981
Bangladesh,2021-01-23,,,,8003
Bangladesh,2021-01-24,,,,8023
Bangladesh,2021-01-25,166668.72,58407.395,244265.19,8041
Bangladesh,2021-01-26,,,,8055
Bangladesh,2021-01-27,,,,8072
Bangladesh,2021-01-28,,,,8087
Bangladesh,2021-01-29,,,,8094
Bangladesh,2021-01-30,,,,8111
Bangladesh,2021-01-31,,,,8127
Bangladesh,2021-02-01,169866.81,58727.094,247021.92,8137
Bangladesh,2021-02-02,,,,8149
Bangladesh,2021-02-03,,,,8162
Bangladesh,2021-02-04,,,,8175
Bangladesh,2021-02-05,,,,8182
Bangladesh,2021-02-06,,,,8190
Bangladesh,2021-02-07,,,,8205
Bangladesh,2021-02-08,172326.64,58499.234,247781.23,8221
Bangladesh,2021-02-09,,,,8229
Bangladesh,2021-02-10,,,,8239
Bangladesh,2021-02-11,,,,8248
Bangladesh,2021-02-12,,,,8253
Bangladesh,2021-02-13,,,,8266
Bangladesh,2021-02-14,,,,8274
Bangladesh,2021-02-15,174434.17,58293.035,248588.28,8285
Bangladesh,2021-02-16,,,,8298
Bangladesh,2021-02-17,,,,8314
Bangladesh,2021-02-18,,,,8329
Bangladesh,2021-02-19,,,,8337
Bangladesh,2021-02-20,,,,8342
Bangladesh,2021-02-21,,,,8349
Bangladesh,2021-02-22,176469.97,60016.973,249375.56,8356
Bangladesh,2021-02-23,,,,8374
Bangladesh,2021-02-24,,,,8379
Bangladesh,2021-02-25,,,,8384
Bangladesh,2021-02-26,,,,8395
Bangladesh,2021-02-27,,,,8400
Bangladesh,2021-02-28,,,,8408
Bangladesh,2021-03-01,178218.16,60717.863,250387.94,8416
Bangladesh,2021-03-02,,,,8423
Bangladesh,2021-03-03,,,,8428
Bangladesh,2021-03-04,,,,8435
Bangladesh,2021-03-05,,,,8441
Bangladesh,2021-03-06,,,,8451
Bangladesh,2021-03-07,,,,8462
Bangladesh,2021-03-08,180610.94,60309.02,253501.05,8476
Bangladesh,2021-03-09,,,,8489
Bangladesh,2021-03-10,,,,8496
Bangladesh,2021-03-11,,,,8502
Bangladesh,2021-03-12,,,,8515
Bangladesh,2021-03-13,,,,8527
Bangladesh,2021-03-14,,,,8545
Bangladesh,2021-03-15,184941.02,59955.086,258749.11,8571
Bangladesh,2021-03-16,,,,8597
Bangladesh,2021-03-17,,,,8608
Bangladesh,2021-03-18,,,,8624
Bangladesh,2021-03-19,,,,8642
Bangladesh,2021-03-20,,,,8668
Bangladesh,2021-03-21,,,,8690
Bangladesh,2021-03-22,189583.34,60441.49,265260.4,8720
Bangladesh,2021-03-23,,,,8738
Bangladesh,2021-03-24,,,,8763
Bangladesh,2021-03-25,,,,8797
Bangladesh,2021-03-26,,,,8830
Bangladesh,2021-03-27,,,,8869
Bangladesh,2021-03-28,,,,8904
Bangladesh,2021-03-29,195220.84,64350.535,272507.8,8949
Bangladesh,2021-03-30,,,,8994
Bangladesh,2021-03-31,,,,9046
Bangladesh,2021-04-01,,,,9105
Bangladesh,2021-04-02,,,,9155
Bangladesh,2021-04-03,,,,9213
Bangladesh,2021-04-04,,,,9266
Bangladesh,2021-04-05,201471.97,69280.83,282463.84,9318
Bangladesh,2021-04-06,,,,9384
Bangladesh,2021-04-07,,,,9447
Bangladesh,2021-04-08,,,,9521
Bangladesh,2021-04-09,,,,9584
Bangladesh,2021-04-10,,,,9661
Bangladesh,2021-04-11,,,,9739
Bangladesh,2021-04-12,207013.1,74467.97,294352.97,9822
Bangladesh,2021-04-13,,,,9891
Bangladesh,2021-04-14,,,,9987
Bangladesh,2021-04-15,,,,10081
Bangladesh,2021-04-16,,,,10182
Bangladesh,2021-04-17,,,,10283
Bangladesh,2021-04-18,,,,10385
Bangladesh,2021-04-19,212690.58,79666.03,303808.75,10497
Bangladesh,2021-04-20,,,,10588
Bangladesh,2021-04-21,,,,10683
Bangladesh,2021-04-22,,,,10781
Bangladesh,2021-04-23,,,,10869
Bangladesh,2021-04-24,,,,10952
Bangladesh,2021-04-25,,,,11053
Bangladesh,2021-04-26,219554.72,85098.03,312839.88,11150
Bangladesh,2021-04-27,,,,11228
Bangladesh,2021-04-28,,,,11305
Bangladesh,2021-04-29,,,,11393
Bangladesh,2021-04-30,,,,11450
Bangladesh,2021-05-01,,,,11510
Bangladesh,2021-05-02,,,,11579
Bangladesh,2021-05-03,226276.6,87719.97,322583.1,11644
Bangladesh,2021-05-04,,,,11705
Bangladesh,2021-05-05,,,,11755
Bangladesh,2021-05-06,,,,11796
Bangladesh,2021-05-07,,,,11833
Bangladesh,2021-05-08,,,,11878
Bangladesh,2021-05-09,,,,11934
Bangladesh,2021-05-10,234095.27,88380.43,332307.66,11972
Bangladesh,2021-05-11,,,,12005
Bangladesh,2021-05-12,,,,12045
Bangladesh,2021-05-13,,,,12076
Bangladesh,2021-05-14,,,,12102
Bangladesh,2021-05-15,,,,12124
Bangladesh,2021-05-16,,,,12149
Bangladesh,2021-05-17,241428.97,93964.19,339713.2,12181
Bangladesh,2021-05-18,,,,12211
Bangladesh,2021-05-19,,,,12248
Bangladesh,2021-05-20,,,,12284
Bangladesh,2021-05-21,,,,12310
Bangladesh,2021-05-22,,,,12348
Bangladesh,2021-05-23,,,,12376
Bangladesh,2021-05-24,249036.02,100232.76,355229.56,12401
Bangladesh,2021-05-25,,,,12441
Bangladesh,2021-05-26,,,,12458
Bangladesh,2021-05-27,,,,12480
Bangladesh,2021-05-28,,,,12511
Bangladesh,2021-05-29,,,,12549
Bangladesh,2021-05-30,,,,12583
Bangladesh,2021-05-31,255690.64,106203.14,366653.03,12619
Bangladesh,2021-06-01,,,,12660
Bangladesh,2021-06-02,,,,12694
Bangladesh,2021-06-03,,,,12724
Bangladesh,2021-06-04,,,,12758
Bangladesh,2021-06-05,,,,12801
Bangladesh,2021-06-06,,,,12839
Bangladesh,2021-06-07,261587.27,109341.92,372051.28,12869
Bangladesh,2021-06-08,,,,12913
Bangladesh,2021-06-09,,,,12949
Bangladesh,2021-06-10,,,,12989
Bangladesh,2021-06-11,,,,13032
Bangladesh,2021-06-12,,,,13071
Bangladesh,2021-06-13,,,,13118
Bangladesh,2021-06-14,267412.53,112543.59,376941.47,13172
Bangladesh,2021-06-15,,,,13222
Bangladesh,2021-06-16,,,,13282
Bangladesh,2021-06-17,,,,13345
Bangladesh,2021-06-18,,,,13399
Bangladesh,2021-06-19,,,,13466
Bangladesh,2021-06-20,,,,13548
Bangladesh,2021-06-21,273653.53,115990.484,384269.06,13626
Bangladesh,2021-06-22,,,,13702
Bangladesh,2021-06-23,,,,13787
Bangladesh,2021-06-24,,,,13868
Bangladesh,2021-06-25,,,,13976
Bangladesh,2021-06-26,,,,14053
Bangladesh,2021-06-27,,,,14172
Bangladesh,2021-06-28,280719.9,119415.164,391844.6,14276
Bangladesh,2021-06-29,,,,14388
Bangladesh,2021-06-30,,,,14503
Bangladesh,2021-07-01,,,,14646
Bangladesh,2021-07-02,,,,14778
Bangladesh,2021-07-03,,,,14912
Bangladesh,2021-07-04,,,,15065
Bangladesh,2021-07-05,289246.62,123387.08,398854.03,15229
Bangladesh,2021-07-06,,,,15392
Bangladesh,2021-07-07,,,,15593
Bangladesh,2021-07-08,,,,15792
Bangladesh,2021-07-09,,,,16004
Bangladesh,2021-07-10,,,,16189
Bangladesh,2021-07-11,,,,16419
Bangladesh,2021-07-12,299894.5,127621.586,412580.16,16639
Bangladesh,2021-07-13,,,,16842
Bangladesh,2021-07-14,,,,17052
Bangladesh,2021-07-15,,,,17278
Bangladesh,2021-07-16,,,,17465
Bangladesh,2021-07-17,,,,17669
Bangladesh,2021-07-18,,,,17894
Bangladesh,2021-07-19,310666,132036.61,427503.8,18125
Bangladesh,2021-07-20,,,,18325
Bangladesh,2021-07-21,,,,18498
Bangladesh,2021-07-22,,,,18685
Bangladesh,2021-07-23,,,,18851
Bangladesh,2021-07-24,,,,19046
Bangladesh,2021-07-25,,,,19274
Bangladesh,2021-07-26,321427.84,142439.1,441982.53,19521
Bangladesh,2021-07-27,,,,19779
Bangladesh,2021-07-28,,,,20016
Bangladesh,2021-07-29,,,,20255
Bangladesh,2021-07-30,,,,20467
Bangladesh,2021-07-31,,,,20685
Bangladesh,2021-08-01,,,,20916
Bangladesh,2021-08-02,333115.53,153737.7,457730.38,21162
Bangladesh,2021-08-03,,,,21397
Bangladesh,2021-08-04,,,,21638
Bangladesh,2021-08-05,,,,21902
Bangladesh,2021-08-06,,,,22150
Bangladesh,2021-08-07,,,,22411
Bangladesh,2021-08-08,,,,22652
Bangladesh,2021-08-09,344666.72,162552.56,474527.22,22897
Bangladesh,2021-08-10,,,,23161
Bangladesh,2021-08-11,,,,23398
Bangladesh,2021-08-12,,,,23613
Bangladesh,2021-08-13,,,,23810
Bangladesh,2021-08-14,,,,23988
Bangladesh,2021-08-15,,,,24175
Bangladesh,2021-08-16,355064.9,172913.62,491234.53,24349
Bangladesh,2021-08-17,,,,24547
Bangladesh,2021-08-18,,,,24719
Bangladesh,2021-08-19,,,,24878
Bangladesh,2021-08-20,,,,25023
Bangladesh,2021-08-21,,,,25143
Bangladesh,2021-08-22,,,,25282
Bangladesh,2021-08-23,363374.3,179517.64,501662.8,25399
Bangladesh,2021-08-24,,,,25513
Bangladesh,2021-08-25,,,,25627
Bangladesh,2021-08-26,,,,25729
Bangladesh,2021-08-27,,,,25846
Bangladesh,2021-08-28,,,,25926
Bangladesh,2021-08-29,,,,26015
Bangladesh,2021-08-30,369218.78,184940.23,510656,26109
Bangladesh,2021-08-31,,,,26195
Bangladesh,2021-09-01,,,,26274
Bangladesh,2021-09-02,,,,26362
Bangladesh,2021-09-03,,,,26432
Bangladesh,2021-09-04,,,,26493
Bangladesh,2021-09-05,,,,26563
Bangladesh,2021-09-06,374926.12,188953.36,519066.72,26628
Bangladesh,2021-09-07,,,,26684
Bangladesh,2021-09-08,,,,26736
Bangladesh,2021-09-09,,,,26794
Bangladesh,2021-09-10,,,,26832
Bangladesh,2021-09-11,,,,26880
Bangladesh,2021-09-12,,,,26931
Bangladesh,2021-09-13,378774.7,192771.4,523665.75,26972
Bangladesh,2021-09-14,,,,27007
Bangladesh,2021-09-15,,,,27058
Bangladesh,2021-09-16,,,,27109
Bangladesh,2021-09-17,,,,27147
Bangladesh,2021-09-18,,,,27182
Bangladesh,2021-09-19,,,,27225
Bangladesh,2021-09-20,382468.47,196725.58,527339.7,27251
Bangladesh,2021-09-21,,,,27277
Bangladesh,2021-09-22,,,,27313
Bangladesh,2021-09-23,,,,27337
Bangladesh,2021-09-24,,,,27368
Bangladesh,2021-09-25,,,,27393
Bangladesh,2021-09-26,,,,27414
Bangladesh,2021-09-27,385600.94,199502.05,530099.56,27439
Bangladesh,2021-09-28,,,,27470
Bangladesh,2021-09-29,,,,27487
Bangladesh,2021-09-30,,,,27510
Bangladesh,2021-10-01,,,,27531
Bangladesh,2021-10-02,,,,27555
Bangladesh,2021-10-03,,,,27573
Bangladesh,2021-10-04,388508.7,201543.19,532103,27591
Bangladesh,2021-10-05,,,,27614
Bangladesh,2021-10-06,,,,27635
Bangladesh,2021-10-07,,,,27647
Bangladesh,2021-10-08,,,,27654
Bangladesh,2021-10-09,,,,27694
Bangladesh,2021-10-10,,,,27688
Bangladesh,2021-10-11,390972.8,203551.97,534557.1,27699
Bangladesh,2021-10-12,,,,27713
Bangladesh,2021-10-13,,,,27730
Bangladesh,2021-10-14,,,,27737
Bangladesh,2021-10-15,,,,27746
Bangladesh,2021-10-16,,,,27752
Bangladesh,2021-10-17,,,,27768
Bangladesh,2021-10-18,393704.1,204703.19,543874.5,27778
Bangladesh,2021-10-19,,,,27785
Bangladesh,2021-10-20,,,,27791
Bangladesh,2021-10-21,,,,27801
Bangladesh,2021-10-22,,,,27805
Bangladesh,2021-10-23,,,,27814
Bangladesh,2021-10-24,,,,27823
Bangladesh,2021-10-25,396208.66,206073.14,551615,27828
Bangladesh,2021-10-26,,,,27834
Bangladesh,2021-10-27,,,,27841
Bangladesh,2021-10-28,,,,27847
Bangladesh,2021-10-29,,,,27854
Bangladesh,2021-10-30,,,,27862
Bangladesh,2021-10-31,,,,27868
Bangladesh,2021-11-01,398760.03,207267.77,554886.94,27870
Bangladesh,2021-11-02,,,,27873
Bangladesh,2021-11-03,,,,27880
Bangladesh,2021-11-04,,,,27887
Bangladesh,2021-11-05,,,,27887
Bangladesh,2021-11-06,,,,27891
Bangladesh,2021-11-07,,,,27895
Bangladesh,2021-11-08,400708.34,208562.81,557873.1,27901
Bangladesh,2021-11-09,,,,27904
Bangladesh,2021-11-10,,,,27906
Bangladesh,2021-11-11,,,,27907
Bangladesh,2021-11-12,,,,27912
Bangladesh,2021-11-13,,,,27918
Bangladesh,2021-11-14,,,,27922
Bangladesh,2021-11-15,402660.4,209424.88,563997,27926
Bangladesh,2021-11-16,,,,27928
Bangladesh,2021-11-17,,,,27934
Bangladesh,2021-11-18,,,,27941
Bangladesh,2021-11-19,,,,27946
Bangladesh,2021-11-20,,,,27946
Bangladesh,2021-11-21,,,,27953
Bangladesh,2021-11-22,405149.4,210576.92,569707.1,27955
Bangladesh,2021-11-23,,,,27958
Bangladesh,2021-11-24,,,,27961
Bangladesh,2021-11-25,,,,27970
Bangladesh,2021-11-26,,,,27973
Bangladesh,2021-11-27,,,,27975
Bangladesh,2021-11-28,,,,27978
Bangladesh,2021-11-29,407921.3,211224.62,574424.9,27980
Bangladesh,2021-11-30,,,,27981
Bangladesh,2021-12-01,,,,27983
Bangladesh,2021-12-02,,,,27986
Bangladesh,2021-12-03,,,,27989
Bangladesh,2021-12-04,,,,27995
Bangladesh,2021-12-05,,,,28001
Bangladesh,2021-12-06,410815.12,211589.98,579173.44,28005
Bangladesh,2021-12-07,,,,28010
Bangladesh,2021-12-08,,,,28016
Bangladesh,2021-12-09,,,,28016
Bangladesh,2021-12-10,,,,28017
Bangladesh,2021-12-11,,,,28022
Bangladesh,2021-12-12,,,,28028
Bangladesh,2021-12-13,413202,212643.12,583772.44,28031
Bangladesh,2021-12-14,,,,28034
Bangladesh,2021-12-15,,,,28038
Bangladesh,2021-12-16,,,,28041
Bangladesh,2021-12-17,,,,28043
Bangladesh,2021-12-18,,,,28047
Bangladesh,2021-12-19,,,,28048
Bangladesh,2021-12-20,415714.72,212768.39,586846.9,28050
Bangladesh,2021-12-21,,,,28051
Bangladesh,2021-12-22,,,,28052
Bangladesh,2021-12-23,,,,28054
Bangladesh,2021-12-24,,,,28055
Bangladesh,2021-12-25,,,,28056
Bangladesh,2021-12-26,,,,28060
Bangladesh,2021-12-27,418303.3,212893.12,589966.25,28061
Bangladesh,2021-12-28,,,,28062
Bangladesh,2021-12-29,,,,28063
Bangladesh,2021-12-30,,,,28070
Bangladesh,2021-12-31,,,,28072
Bangladesh,2022-01-01,,,,28076
Bangladesh,2022-01-02,,,,28077
Bangladesh,2022-01-03,421052.88,212856.19,592858.6,28081
Bangladesh,2022-01-04,,,,28087
Bangladesh,2022-01-05,,,,28090
Bangladesh,2022-01-06,,,,28097
Bangladesh,2022-01-07,,,,28098
Bangladesh,2022-01-08,,,,28099
Bangladesh,2022-01-09,,,,28102
Bangladesh,2022-01-10,424023.06,213647.47,596040.25,28105
Bangladesh,2022-01-11,,,,28107
Bangladesh,2022-01-12,,,,28111
Bangladesh,2022-01-13,,,,28123
Bangladesh,2022-01-14,,,,28129
Bangladesh,2022-01-15,,,,28136
Bangladesh,2022-01-16,,,,28144
Bangladesh,2022-01-17,428268.47,215032.5,600355.2,28154
Bangladesh,2022-01-18,,,,28164
Bangladesh,2022-01-19,,,,28176
Bangladesh,2022-01-20,,,,28180
Bangladesh,2022-01-21,,,,28192
Bangladesh,2022-01-22,,,,28209
Bangladesh,2022-01-23,,,,28223
Bangladesh,2022-01-24,433389.1,218375.72,611891.44,28238
Bangladesh,2022-01-25,,,,28256
Bangladesh,2022-01-26,,,,28273
Bangladesh,2022-01-27,,,,28288
Bangladesh,2022-01-28,,,,28308
Bangladesh,2022-01-29,,,,28329
Bangladesh,2022-01-30,,,,28363
Bangladesh,2022-01-31,438233.53,221994.16,622406.2,28394
Bangladesh,2022-02-01,,,,28425
Bangladesh,2022-02-02,,,,28461
Bangladesh,2022-02-03,,,,28494
Bangladesh,2022-02-04,,,,28524
Bangladesh,2022-02-05,,,,28560
Bangladesh,2022-02-06,,,,28589
Bangladesh,2022-02-07,443410.88,226244.6,635244.5,28627
Bangladesh,2022-02-08,,,,28670
Bangladesh,2022-02-09,,,,28703
Bangladesh,2022-02-10,,,,28744
Bangladesh,2022-02-11,,,,28771
Bangladesh,2022-02-12,,,,28791
Bangladesh,2022-02-13,,,,28819
Bangladesh,2022-02-14,447946.78,230499.52,641331.56,28838
Bangladesh,2022-02-15,,,,28872
Bangladesh,2022-02-16,,,,28887
Bangladesh,2022-02-17,,,,28907
Bangladesh,2022-02-18,,,,28931
Bangladesh,2022-02-19,,,,28944
Bangladesh,2022-02-20,,,,28965
Bangladesh,2022-02-21,450307.12,231767.45,645879.8,28974
Bangladesh,2022-02-22,,,,28990
Bangladesh,2022-02-23,,,,28995
Bangladesh,2022-02-24,,,,29005
Bangladesh,2022-02-25,,,,29016
Bangladesh,2022-02-26,,,,29024
Bangladesh,2022-02-27,,,,29033
Bangladesh,2022-02-28,452347.56,232674.62,648972.4,29037
Bangladesh,2022-03-01,,,,29045
Bangladesh,2022-03-02,,,,29053
Bangladesh,2022-03-03,,,,29058
Bangladesh,2022-03-04,,,,29064
Bangladesh,2022-03-05,,,,29077
Bangladesh,2022-03-06,,,,29085
Bangladesh,2022-03-07,454784.7,233883.97,651970.1,29089
Bangladesh,2022-03-08,,,,29096
Bangladesh,2022-03-09,,,,29097
Bangladesh,2022-03-10,,,,29100
Bangladesh,2022-03-11,,,,29105
Bangladesh,2022-03-12,,,,29108
Bangladesh,2022-03-13,,,,29111
Bangladesh,2022-03-14,456806.62,235815.27,654725.94,29112
Bangladesh,2022-03-15,,,,29112
Bangladesh,2022-03-16,,,,29112
Bangladesh,2022-03-17,,,,29112
Bangladesh,2022-03-18,,,,29114
Bangladesh,2022-03-19,,,,29114
Bangladesh,2022-03-20,,,,29117
Bangladesh,2022-03-21,458731.16,238545.12,657645.94,29117
Bangladesh,2022-03-22,,,,29117
Bangladesh,2022-03-23,,,,29118
Bangladesh,2022-03-24,,,,29118
Bangladesh,2022-03-25,,,,29118
Bangladesh,2022-03-26,,,,29118
Bangladesh,2022-03-27,,,,29118
Bangladesh,2022-03-28,461159.56,239836.02,660269.25,29119
Bangladesh,2022-03-29,,,,29120
Bangladesh,2022-03-30,,,,29122
Bangladesh,2022-03-31,,,,29122
Bangladesh,2022-04-01,,,,29122
Bangladesh,2022-04-02,,,,29122
Bangladesh,2022-04-03,,,,29122
Bangladesh,2022-04-04,463041.53,240924.3,664249.44,29123
Bangladesh,2022-04-05,,,,29123
Bangladesh,2022-04-06,,,,29123
Bangladesh,2022-04-07,,,,29123
Bangladesh,2022-04-08,,,,29123
Bangladesh,2022-04-09,,,,29123
Bangladesh,2022-04-10,,,,29123
Bangladesh,2022-04-11,465033.25,240303.34,668040.4,29124
Bangladesh,2022-04-12,,,,29124
Bangladesh,2022-04-13,,,,29124
Bangladesh,2022-04-14,,,,29124
Bangladesh,2022-04-15,,,,29124
Bangladesh,2022-04-16,,,,29124
Bangladesh,2022-04-17,,,,29124
Bangladesh,2022-04-18,467102.03,240285.67,672081,29126
Bangladesh,2022-04-19,,,,29126
Bangladesh,2022-04-20,,,,29127
Bangladesh,2022-04-21,,,,29127
Bangladesh,2022-04-22,,,,29127
Bangladesh,2022-04-23,,,,29127
Bangladesh,2022-04-24,,,,29127
Bangladesh,2022-04-25,469083.94,241709.56,678686.25,29127
Bangladesh,2022-04-26,,,,29127
Bangladesh,2022-04-27,,,,29127
Bangladesh,2022-04-28,,,,29127
Bangladesh,2022-04-29,,,,29127
Bangladesh,2022-04-30,,,,29127
Bangladesh,2022-05-01,,,,29127
Bangladesh,2022-05-02,471473,242424.97,685932.9,29127
Bangladesh,2022-05-03,,,,29127
Bangladesh,2022-05-04,,,,29127
Bangladesh,2022-05-05,,,,29127
Bangladesh,2022-05-06,,,,29127
Bangladesh,2022-05-07,,,,29127
Bangladesh,2022-05-08,,,,29127
Bangladesh,2022-05-09,473868.3,243883.02,697181.94,29127
Bangladesh,2022-05-10,,,,29127
Bangladesh,2022-05-11,,,,29127
Bangladesh,2022-05-12,,,,29127
Bangladesh,2022-05-13,,,,29127
Bangladesh,2022-05-14,,,,29127
Bangladesh,2022-05-15,,,,29127
Bangladesh,2022-05-16,476252.53,245350.1,705526.6,29127
Bangladesh,2022-05-17,,,,29127
Bangladesh,2022-05-18,,,,29127
Bangladesh,2022-05-19,,,,29127
Bangladesh,2022-05-20,,,,29127
Bangladesh,2022-05-21,,,,29127
Bangladesh,2022-05-22,,,,29128
Bangladesh,2022-05-23,478615.16,246639.55,708243.44,29128
Bangladesh,2022-05-24,,,,29130
Bangladesh,2022-05-25,,,,29130
Bangladesh,2022-05-26,,,,29130
Bangladesh,2022-05-27,,,,29130
Bangladesh,2022-05-28,,,,29130
Bangladesh,2022-05-29,,,,29130
Bangladesh,2022-05-30,480868.75,246475.95,710442.4,29130
Bangladesh,2022-05-31,,,,29131
Bangladesh,2022-06-01,,,,29131
Bangladesh,2022-06-02,,,,29131
Bangladesh,2022-06-03,,,,29131
Bangladesh,2022-06-04,,,,29131
Bangladesh,2022-06-05,,,,29131
Bangladesh,2022-06-06,483066.44,245712.31,712405.06,29131
Bangladesh,2022-06-07,,,,29131
Bangladesh,2022-06-08,,,,29131
Bangladesh,2022-06-09,,,,29131
Bangladesh,2022-06-10,,,,29131
Bangladesh,2022-06-11,,,,29131
Bangladesh,2022-06-12,,,,29131
Bangladesh,2022-06-13,486026.47,245527.78,714572.6,29131
Bangladesh,2022-06-14,,,,29131
Bangladesh,2022-06-15,,,,29131
Bangladesh,2022-06-16,,,,29131
Bangladesh,2022-06-17,,,,29131
Bangladesh,2022-06-18,,,,29131
Bangladesh,2022-06-19,,,,29131
Bangladesh,2022-06-20,489607.8,245539.94,716340.5,29132
Bangladesh,2022-06-21,,,,29133
Bangladesh,2022-06-22,,,,29134
Bangladesh,2022-06-23,,,,29135
Bangladesh,2022-06-24,,,,29135
Bangladesh,2022-06-25,,,,29138
Bangladesh,2022-06-26,,,,29140
Bangladesh,2022-06-27,493292.6,245324.34,717470.56,29142
Bangladesh,2022-06-28,,,,29145
Bangladesh,2022-06-29,,,,29145
Bangladesh,2022-06-30,,,,29149
Bangladesh,2022-07-01,,,,29154
Bangladesh,2022-07-02,,,,29160
Bangladesh,2022-07-03,,,,29162
Bangladesh,2022-07-04,497021.47,245264.78,719542.6,29174
Bangladesh,2022-07-05,,,,29181
Bangladesh,2022-07-06,,,,29185
Bangladesh,2022-07-07,,,,29188
Bangladesh,2022-07-08,,,,29195
Bangladesh,2022-07-09,,,,29198
Bangladesh,2022-07-10,,,,29200
Bangladesh,2022-07-11,500810.78,244907.58,722709.44,29203
Bangladesh,2022-07-12,,,,29212
Bangladesh,2022-07-13,,,,29217
Bangladesh,2022-07-14,,,,29223
Bangladesh,2022-07-15,,,,29225
Bangladesh,2022-07-16,,,,29230
Bangladesh,2022-07-17,,,,29234
Bangladesh,2022-07-18,504607.3,244986.03,732189.44,29241
Bangladesh,2022-07-19,,,,29249
Bangladesh,2022-07-20,,,,29250
Bangladesh,2022-07-21,,,,29256
Bangladesh,2022-07-22,,,,29258
Bangladesh,2022-07-23,,,,29262
Bangladesh,2022-07-24,,,,29266
Bangladesh,2022-07-25,508515.53,245142.72,741709.2,29271
Bangladesh,2022-07-26,,,,29275
Bangladesh,2022-07-27,,,,29280
Bangladesh,2022-07-28,,,,29284
Bangladesh,2022-07-29,,,,29285
Bangladesh,2022-07-30,,,,29288
Bangladesh,2022-07-31,,,,29291
Bangladesh,2022-08-01,512357.97,245619.53,751018.44,29292
Bangladesh,2022-08-02,,,,29295
Bangladesh,2022-08-03,,,,29298
Bangladesh,2022-08-04,,,,29300
Bangladesh,2022-08-05,,,,29302
Bangladesh,2022-08-06,,,,29304
Bangladesh,2022-08-07,,,,29304
Bangladesh,2022-08-08,516195.3,245998.19,755077.44,29307
Bangladesh,2022-08-09,,,,29308
Bangladesh,2022-08-10,,,,29309
Bangladesh,2022-08-11,,,,29310
Bangladesh,2022-08-12,,,,29312
Bangladesh,2022-08-13,,,,29312
Bangladesh,2022-08-14,,,,29313
Bangladesh,2022-08-15,520461.56,247055.9,759141.4,29314
Bangladesh,2022-08-16,,,,29314
Bangladesh,2022-08-17,,,,29314
Bangladesh,2022-08-18,,,,29315
Bangladesh,2022-08-19,,,,29315
Bangladesh,2022-08-20,,,,29315
Bangladesh,2022-08-21,,,,29315
Bangladesh,2022-08-22,524435.2,247557.62,763346.2,29316
Bangladesh,2022-08-23,,,,29316
Bangladesh,2022-08-24,,,,29319
Bangladesh,2022-08-25,,,,29320
Bangladesh,2022-08-26,,,,29321
Bangladesh,2022-08-27,,,,29323
Bangladesh,2022-08-28,,,,29323
Bangladesh,2022-08-29,528205.5,248080.33,767630.44,29323
Bangladesh,2022-08-30,,,,29323
Bangladesh,2022-08-31,,,,29323
Bangladesh,2022-09-01,,,,29325
Bangladesh,2022-09-02,,,,29326
Bangladesh,2022-09-03,,,,29327
Bangladesh,2022-09-04,,,,29328
Bangladesh,2022-09-05,531863.5,250489.22,771885,29328
Bangladesh,2022-09-06,,,,29329
Bangladesh,2022-09-07,,,,29329
Bangladesh,2022-09-08,,,,29330
Bangladesh,2022-09-09,,,,29331
Bangladesh,2022-09-10,,,,29332
Bangladesh,2022-09-11,,,,29334
Bangladesh,2022-09-12,535525.1,251351.64,776179.4,29334
Bangladesh,2022-09-13,,,,29335
Bangladesh,2022-09-14,,,,29336
Bangladesh,2022-09-15,,,,29337
Bangladesh,2022-09-16,,,,29339
Bangladesh,2022-09-17,,,,29339
Bangladesh,2022-09-18,,,,29339
Bangladesh,2022-09-19,539161.25,253666.02,780487.7,29340
Bangladesh,2022-09-20,,,,29345
Bangladesh,2022-09-21,,,,29345
Bangladesh,2022-09-22,,,,29346
Bangladesh,2022-09-23,,,,29347
Bangladesh,2022-09-24,,,,29351
Bangladesh,2022-09-25,,,,29353
Bangladesh,2022-09-26,543544.44,254119.73,784850.94,29359
Bangladesh,2022-09-27,,,,29360
Bangladesh,2022-09-28,,,,29360
Bangladesh,2022-09-29,,,,29362
Bangladesh,2022-09-30,,,,29363
Bangladesh,2022-10-01,,,,29368
Bangladesh,2022-10-02,,,,29369
Bangladesh,2022-10-03,548110.3,254826.6,789581.44,29371
Bangladesh,2022-10-04,,,,29372
Bangladesh,2022-10-05,,,,29374
Bangladesh,2022-10-06,,,,29375
Bangladesh,2022-10-07,,,,29380
Bangladesh,2022-10-08,,,,29380
Bangladesh,2022-10-09,,,,29381
Bangladesh,2022-10-10,551975.8,255412.44,794031.3,29384
Bangladesh,2022-10-11,,,,29386
Bangladesh,2022-10-12,,,,29388
Bangladesh,2022-10-13,,,,29389
Bangladesh,2022-10-14,,,,29393
Bangladesh,2022-10-15,,,,29395
Bangladesh,2022-10-16,,,,29401
Bangladesh,2022-10-17,555158,257742.06,799855.75,29402
Bangladesh,2022-10-18,,,,29408
Bangladesh,2022-10-19,,,,29410
Bangladesh,2022-10-20,,,,29411
Bangladesh,2022-10-21,,,,29411
Bangladesh,2022-10-22,,,,29412
Bangladesh,2022-10-23,,,,29413
Bangladesh,2022-10-24,558332.9,259109.08,804753.4,29415
Bangladesh,2022-10-25,,,,29416
Bangladesh,2022-10-26,,,,29416
Bangladesh,2022-10-27,,,,29417
Bangladesh,2022-10-28,,,,29418
Bangladesh,2022-10-29,,,,29419
Bangladesh,2022-10-30,,,,29423
Bangladesh,2022-10-31,562459.2,259914.97,809770.5,29423
Bangladesh,2022-11-01,,,,29424
Bangladesh,2022-11-02,,,,29424
Bangladesh,2022-11-03,,,,29425
Bangladesh,2022-11-04,,,,29425
Bangladesh,2022-11-05,,,,29425
Bangladesh,2022-11-06,,,,29426
Bangladesh,2022-11-07,566451.56,260708.72,814908.5,29426
Bangladesh,2022-11-08,,,,29426
Bangladesh,2022-11-09,,,,29426
Bangladesh,2022-11-10,,,,29426
Bangladesh,2022-11-11,,,,29426
Bangladesh,2022-11-12,,,,29426
Bangladesh,2022-11-13,,,,29427
Bangladesh,2022-11-14,570421.2,261463.98,820035.56,29429
Bangladesh,2022-11-15,,,,29429
Bangladesh,2022-11-16,,,,29430
Bangladesh,2022-11-17,,,,29430
Bangladesh,2022-11-18,,,,29430
Bangladesh,2022-11-19,,,,29430
Bangladesh,2022-11-20,,,,29430
Bangladesh,2022-11-21,574403.06,262916.78,825214.4,29431
Bangladesh,2022-11-22,,,,29431
Bangladesh,2022-11-23,,,,29431
Bangladesh,2022-11-24,,,,29431
Bangladesh,2022-11-25,,,,29431
Bangladesh,2022-11-26,,,,29431
Bangladesh,2022-11-27,,,,29431
Bangladesh,2022-11-28,577267.9,264325.88,830889,29432
Bangladesh,2022-11-29,,,,29433
Bangladesh,2022-11-30,,,,29433
Bangladesh,2022-12-01,,,,29433
Bangladesh,2022-12-02,,,,29434
Bangladesh,2022-12-03,,,,29434
Bangladesh,2022-12-04,,,,29434
Bangladesh,2022-12-05,580226.2,265617.28,833515.44,29435
Bangladesh,2022-12-06,,,,29435
Bangladesh,2022-12-07,,,,29436
Bangladesh,2022-12-08,,,,29436
Bangladesh,2022-12-09,,,,29436
Bangladesh,2022-12-10,,,,29436
Bangladesh,2022-12-11,,,,29436
Bangladesh,2022-12-12,583174.9,266935.9,835979.1,29437
Bangladesh,2022-12-13,,,,29437
Bangladesh,2022-12-14,,,,29437
Bangladesh,2022-12-15,,,,29437
Bangladesh,2022-12-16,,,,29437
Bangladesh,2022-12-17,,,,29438
Bangladesh,2022-12-18,,,,29438
Bangladesh,2022-12-19,586135.2,268251.84,838461.94,29438
Bangladesh,2022-12-20,,,,29438
Bangladesh,2022-12-21,,,,29438
Bangladesh,2022-12-22,,,,29438
Bangladesh,2022-12-23,,,,29438
Bangladesh,2022-12-24,,,,29438
Bangladesh,2022-12-25,,,,29439
Bangladesh,2022-12-26,589091.25,269637.5,841011.5,29439
Bangladesh,2022-12-27,,,,29439
Bangladesh,2022-12-28,,,,29439
Bangladesh,2022-12-29,,,,29439
Bangladesh,2022-12-30,,,,29439
Bangladesh,2022-12-31,,,,29440
Bangladesh,2023-01-01,,,,29440
Bangladesh,2023-01-02,592093.8,271826.6,844664.9,29440
Bangladesh,2023-01-03,,,,29440
Bangladesh,2023-01-04,,,,29440
Bangladesh,2023-01-05,,,,29440
Bangladesh,2023-01-06,,,,29440
Bangladesh,2023-01-07,,,,29440
Bangladesh,2023-01-08,,,,29440
Bangladesh,2023-01-09,594668.56,273157.44,846840.3,29440
Bangladesh,2023-01-10,,,,29440
Bangladesh,2023-01-11,,,,29441
Bangladesh,2023-01-12,,,,29441
Bangladesh,2023-01-13,,,,29441
Bangladesh,2023-01-14,,,,29441
Bangladesh,2023-01-15,,,,29441
Bangladesh,2023-01-16,597236.7,274105,849991.25,29441
Bangladesh,2023-01-17,,,,29441
Bangladesh,2023-01-18,,,,29441
Bangladesh,2023-01-19,,,,29441
Bangladesh,2023-01-20,,,,29441
Bangladesh,2023-01-21,,,,29441
Bangladesh,2023-01-22,,,,29441
Bangladesh,2023-01-23,599843.3,274897.66,852231.2,29441
Bangladesh,2023-01-24,,,,29441
Bangladesh,2023-01-25,,,,29441
Bangladesh,2023-01-26,,,,29441
Bangladesh,2023-01-27,,,,29441
Bangladesh,2023-01-28,,,,29442
Bangladesh,2023-01-29,,,,29442
Bangladesh,2023-01-30,602292.44,275302.44,854491.5,29442
Bangladesh,2023-01-31,,,,29442
Bangladesh,2023-02-01,,,,29442
Bangladesh,2023-02-02,,,,29443
Bangladesh,2023-02-03,,,,29443
Bangladesh,2023-02-04,,,,29443
Bangladesh,2023-02-05,,,,29443
Bangladesh,2023-02-06,604784.94,276274.4,856697.2,29443
Bangladesh,2023-02-07,,,,29443
Bangladesh,2023-02-08,,,,29444
Bangladesh,2023-02-09,,,,29444
Bangladesh,2023-02-10,,,,29444
Bangladesh,2023-02-11,,,,29444
Bangladesh,2023-02-12,,,,29444
Bangladesh,2023-02-13,607414,277377.2,859164.44,29445
Bangladesh,2023-02-14,,,,29445
Bangladesh,2023-02-15,,,,29445
Bangladesh,2023-02-16,,,,29445
Bangladesh,2023-02-17,,,,29445
Bangladesh,2023-02-18,,,,29445
Bangladesh,2023-02-19,,,,29445
Bangladesh,2023-02-20,610044.8,278477.47,861579.8,29445
Bangladesh,2023-02-21,,,,29445
Bangladesh,2023-02-22,,,,29445
Bangladesh,2023-02-23,,,,29445
Bangladesh,2023-02-24,,,,29445
Bangladesh,2023-02-25,,,,29445
Bangladesh,2023-02-26,,,,29445
Bangladesh,2023-02-27,612620.25,278784.62,867497.44,29445
Bangladesh,2023-02-28,,,,29445
Bangladesh,2023-03-01,,,,29445
Bangladesh,2023-03-02,,,,29445
Bangladesh,2023-03-03,,,,29445
Bangladesh,2023-03-04,,,,29445
Bangladesh,2023-03-05,,,,29445
Bangladesh,2023-03-06,615156.94,279069.7,883510.94,29445
Bangladesh,2023-03-07,,,,29445
Bangladesh,2023-03-08,,,,29445
Bangladesh,2023-03-09,,,,29445
Bangladesh,2023-03-10,,,,29445
Bangladesh,2023-03-11,,,,29445
Bangladesh,2023-03-12,,,,29445
Bangladesh,2023-03-13,617759.7,279277.1,899521.06,29445
Bangladesh,2023-03-14,,,,29445
Bangladesh,2023-03-15,,,,29445
Bangladesh,2023-03-16,,,,29445
Bangladesh,2023-03-17,,,,29445
Bangladesh,2023-03-18,,,,29445
Bangladesh,2023-03-19,,,,29445
Bangladesh,2023-03-20,620400.9,279719.7,915516.7,29445
Bangladesh,2023-03-21,,,,29445
Bangladesh,2023-03-22,,,,29445
Bangladesh,2023-03-23,,,,29445
Bangladesh,2023-03-24,,,,29445
Bangladesh,2023-03-25,,,,29445
Bangladesh,2023-03-26,,,,29445
Bangladesh,2023-03-27,623088.94,279918.12,931462.9,29445
Bangladesh,2023-03-28,,,,29446
Bangladesh,2023-03-29,,,,29446
Bangladesh,2023-03-30,,,,29446
Bangladesh,2023-03-31,,,,29446
Bangladesh,2023-04-01,,,,29446
Bangladesh,2023-04-02,,,,29446
Bangladesh,2023-04-03,626516.6,279683.84,944471.25,29446
Bangladesh,2023-04-04,,,,29446
Bangladesh,2023-04-05,,,,29446
Bangladesh,2023-04-06,,,,29446
Bangladesh,2023-04-07,,,,29446
Bangladesh,2023-04-08,,,,29446
Bangladesh,2023-04-09,,,,29446
Bangladesh,2023-04-10,630025.75,280066.16,948441.5,29446
Bangladesh,2023-04-11,,,,29446
Bangladesh,2023-04-12,,,,29446
Bangladesh,2023-04-13,,,,29446
Bangladesh,2023-04-14,,,,29446
Bangladesh,2023-04-15,,,,29446
Bangladesh,2023-04-16,,,,29446
Bangladesh,2023-04-17,632879.8,280999.6,952767.2,29446
Bangladesh,2023-04-18,,,,29446
Bangladesh,2023-04-19,,,,29446
Bangladesh,2023-04-20,,,,29446
Bangladesh,2023-04-21,,,,29446
Bangladesh,2023-04-22,,,,29446
Bangladesh,2023-04-23,,,,29446
Bangladesh,2023-04-24,635692.06,281427.75,957095.3,29446
Bangladesh,2023-04-25,,,,29446
Bangladesh,2023-04-26,,,,29446
Bangladesh,2023-04-27,,,,29446
Bangladesh,2023-04-28,,,,29446
Bangladesh,2023-04-29,,,,29446
Bangladesh,2023-04-30,,,,29446
Bangladesh,2023-05-01,638745.44,282508.28,961326.9,29446
Bangladesh,2023-05-02,,,,29446
Bangladesh,2023-05-03,,,,29446
Bangladesh,2023-05-04,,,,29446
Bangladesh,2023-05-05,,,,29446
Bangladesh,2023-05-06,,,,29446
Bangladesh,2023-05-07,,,,29446
Bangladesh,2023-05-08,641792.75,283488,964180.56,29446
Bangladesh,2023-05-09,,,,29446
Bangladesh,2023-05-10,,,,29446
Bangladesh,2023-05-11,,,,29446
Bangladesh,2023-05-12,,,,29446
Bangladesh,2023-05-13,,,,29446
Bangladesh,2023-05-14,,,,29446
Bangladesh,2023-05-15,644822.75,284660.34,964955.5,29446
Bangladesh,2023-05-16,,,,29446
Bangladesh,2023-05-17,,,,29446
Bangladesh,2023-05-18,,,,29446
Bangladesh,2023-05-19,,,,29446
Bangladesh,2023-05-20,,,,29446
Bangladesh,2023-05-21,,,,29446
Bangladesh,2023-05-22,647872.1,285667.75,965334.8,29446
Bangladesh,2023-05-23,,,,29446
Bangladesh,2023-05-24,,,,29446
Bangladesh,2023-05-25,,,,29446
Bangladesh,2023-05-26,,,,29446
Bangladesh,2023-05-27,,,,29446
Bangladesh,2023-05-28,,,,29446
Bangladesh,2023-05-29,650986.25,286753.56,965709.9,29446
Bangladesh,2023-05-30,,,,29446
Bangladesh,2023-05-31,,,,29446
Bangladesh,2023-06-01,,,,29446
Bangladesh,2023-06-02,,,,29448
Bangladesh,2023-06-03,,,,29448
Bangladesh,2023-06-04,,,,29448
Bangladesh,2023-06-05,654034.6,287821.88,966001.3,29450
Bangladesh,2023-06-06,,,,29451
Bangladesh,2023-06-07,,,,29451
Bangladesh,2023-06-08,,,,29451
Bangladesh,2023-06-09,,,,29451
Bangladesh,2023-06-10,,,,29451
Bangladesh,2023-06-11,,,,29451
Bangladesh,2023-06-12,657722.06,288887.25,966270.9,29452
Bangladesh,2023-06-13,,,,29452
Bangladesh,2023-06-14,,,,29453
Bangladesh,2023-06-15,,,,29454
Bangladesh,2023-06-16,,,,29455
Bangladesh,2023-06-17,,,,29455
Bangladesh,2023-06-18,,,,29457
Bangladesh,2023-06-19,661503.06,291292.03,966529.9,29457
Bangladesh,2023-06-20,,,,29457
Bangladesh,2023-06-21,,,,29458
Bangladesh,2023-06-22,,,,29458
Bangladesh,2023-06-23,,,,29458
Bangladesh,2023-06-24,,,,29459
Bangladesh,2023-06-25,,,,29461
Bangladesh,2023-06-26,665313.9,293138.47,966832.2,29461
Bangladesh,2023-06-27,,,,29462
Bangladesh,2023-06-28,,,,29462
Bangladesh,2023-06-29,,,,29462
Bangladesh,2023-06-30,,,,29462
Bangladesh,2023-07-01,,,,29462
Bangladesh,2023-07-02,,,,29462
Bangladesh,2023-07-03,669116.5,294881.3,967192.8,29462
Bangladesh,2023-07-04,,,,29462
Bangladesh,2023-07-05,,,,29462
Bangladesh,2023-07-06,,,,29462
Bangladesh,2023-07-07,,,,29462
Bangladesh,2023-07-08,,,,29462
Bangladesh,2023-07-09,,,,29462
Bangladesh,2023-07-10,672836.7,297212.4,967565.06,29462
Bangladesh,2023-07-11,,,,29463
Bangladesh,2023-07-12,,,,29463
Bangladesh,2023-07-13,,,,29463
Bangladesh,2023-07-14,,,,29463
Bangladesh,2023-07-15,,,,29464
Bangladesh,2023-07-16,,,,29464
Bangladesh,2023-07-17,677135.44,299510.72,967933.5,29465
Bangladesh,2023-07-18,,,,29465
Bangladesh,2023-07-19,,,,29465
Bangladesh,2023-07-20,,,,29466
Bangladesh,2023-07-21,,,,29467
Bangladesh,2023-07-22,,,,29467
Bangladesh,2023-07-23,,,,29468
Bangladesh,2023-07-24,681541.56,301730.38,968307.2,29469
Bangladesh,2023-07-25,,,,29469
Bangladesh,2023-07-26,,,,29469
Bangladesh,2023-07-27,,,,29471
Bangladesh,2023-07-28,,,,29472
Bangladesh,2023-07-29,,,,29472
Bangladesh,2023-07-30,,,,29472
Bangladesh,2023-07-31,685990,304033.88,968477.7,29472
Bangladesh,2023-08-01,,,,29473
Bangladesh,2023-08-02,,,,29473
Bangladesh,2023-08-03,,,,29473
Bangladesh,2023-08-04,,,,29473
Bangladesh,2023-08-05,,,,29473
Bangladesh,2023-08-06,,,,29474
Bangladesh,2023-08-07,690439.1,305356.7,968706.3,29475
Bangladesh,2023-08-08,,,,29475
Bangladesh,2023-08-09,,,,29475
Bangladesh,2023-08-10,,,,29475
Bangladesh,2023-08-11,,,,29475
Bangladesh,2023-08-12,,,,29476
Bangladesh,2023-08-13,,,,29476
Bangladesh,2023-08-14,694805.6,304916.94,969406.25,29476
Bangladesh,2023-08-15,,,,29476
Bangladesh,2023-08-16,,,,29476
Bangladesh,2023-08-17,,,,29476
Bangladesh,2023-08-18,,,,29476
Bangladesh,2023-08-19,,,,29476
Bangladesh,2023-08-20,,,,29476
Bangladesh,2023-08-21,699177.1,304580.97,976738.4,29476
Bangladesh,2023-08-22,,,,29476
Bangladesh,2023-08-23,,,,29476
Bangladesh,2023-08-24,,,,29476
Bangladesh,2023-08-25,,,,29476
Bangladesh,2023-08-26,,,,29476
Bangladesh,2023-08-27,,,,29476
Bangladesh,2023-08-28,703565,304250.88,984050.44,29476
Bangladesh,2023-08-29,,,,29476
Bangladesh,2023-08-30,,,,29476
Bangladesh,2023-08-31,,,,29476
Bangladesh,2023-09-01,,,,29476
Bangladesh,2023-09-02,,,,29476
Bangladesh,2023-09-03,,,,29477
Bangladesh,2023-09-04,707864.56,303839.44,991370.94,29477
Bangladesh,2023-09-05,,,,29477
Bangladesh,2023-09-06,,,,29477
Bangladesh,2023-09-07,,,,29477
Bangladesh,2023-09-08,,,,29477
Bangladesh,2023-09-09,,,,29477
Bangladesh,2023-09-10,,,,29477
Bangladesh,2023-09-11,712166.2,303395.44,998711.8,29477
Bangladesh,2023-09-12,,,,29477
Bangladesh,2023-09-13,,,,29477
Bangladesh,2023-09-14,,,,29477
Bangladesh,2023-09-15,,,,29477
Bangladesh,2023-09-16,,,,29477
Bangladesh,2023-09-17,,,,29477
Bangladesh,2023-09-18,716529.44,303941.53,1006016,29477
Bangladesh,2023-09-19,,,,29477
Bangladesh,2023-09-20,,,,29477
Bangladesh,2023-09-21,,,,29477
Bangladesh,2023-09-22,,,,29477
Bangladesh,2023-09-23,,,,29477
Bangladesh,2023-09-24,,,,29477
Bangladesh,2023-09-25,720824.06,305996.56,1014033.2,29477
Bangladesh,2023-09-26,,,,29477
Bangladesh,2023-09-27,,,,29477
Bangladesh,2023-09-28,,,,29477
Bangladesh,2023-09-29,,,,29477
Bangladesh,2023-09-30,,,,29477
Bangladesh,2023-10-01,,,,29477
Bangladesh,2023-10-02,725127,308030.3,1022379.6,29477
Bangladesh,2023-10-03,,,,29477
Bangladesh,2023-10-04,,,,29477
Bangladesh,2023-10-05,,,,29477
Bangladesh,2023-10-06,,,,29477
Bangladesh,2023-10-07,,,,29477
Bangladesh,2023-10-08,,,,29477
Bangladesh,2023-10-09,729357.6,310064.03,1030726.1,29477
Bangladesh,2023-10-10,,,,29477
Bangladesh,2023-10-11,,,,29477
Bangladesh,2023-10-12,,,,29477
Bangladesh,2023-10-13,,,,29477
Bangladesh,2023-10-14,,,,29477
Bangladesh,2023-10-15,,,,29477
Bangladesh,2023-10-16,733558.2,312083.72,1038914.5,29477
Bangladesh,2023-10-17,,,,29477
Bangladesh,2023-10-18,,,,29477
Bangladesh,2023-10-19,,,,29477
Bangladesh,2023-10-20,,,,29477
Bangladesh,2023-10-21,,,,29477
Bangladesh,2023-10-22,,,,29477
Bangladesh,2023-10-23,736558.8,313928.47,1047075.44,29477
Bangladesh,2023-10-24,,,,29477
Bangladesh,2023-10-25,,,,29477
Bangladesh,2023-10-26,,,,29477
Bangladesh,2023-10-27,,,,29477
Bangladesh,2023-10-28,,,,29477
Bangladesh,2023-10-29,,,,29477
Bangladesh,2023-10-30,740710,315958.1,1055650.8,29477
Bangladesh,2023-10-31,,,,29477
Bangladesh,2023-11-01,,,,29477
Bangladesh,2023-11-02,,,,29477
Bangladesh,2023-11-03,,,,29477
Bangladesh,2023-11-04,,,,29477
Bangladesh,2023-11-05,,,,29477
Bangladesh,2023-11-06,744815.06,317872.47,1064188.5,29477
Bangladesh,2023-11-07,,,,29477
Bangladesh,2023-11-08,,,,29477
Bangladesh,2023-11-09,,,,29477
Bangladesh,2023-11-10,,,,29477
Bangladesh,2023-11-11,,,,29477
Bangladesh,2023-11-12,,,,29477
Bangladesh,2023-11-13,748919.5,319808.16,1072685.5,29477
Bangladesh,2023-11-14,,,,29477
Bangladesh,2023-11-15,,,,29477
Bangladesh,2023-11-16,,,,29477
Bangladesh,2023-11-17,,,,29477
Bangladesh,2023-11-18,,,,29477
Bangladesh,2023-11-19,,,,29477
Bangladesh,2023-11-20,753076.25,321490.03,1078030.9,29477
Bangladesh,2023-11-21,,,,29477
Bangladesh,2023-11-22,,,,29477
Bangladesh,2023-11-23,,,,29477
Bangladesh,2023-11-24,,,,29477
Bangladesh,2023-11-25,,,,29477
Bangladesh,2023-11-26,,,,29477
Bangladesh,2023-11-27,757233,321176.4,1087036.4,29477
Bangladesh,2023-11-28,,,,29477
Bangladesh,2023-11-29,,,,29477
Bangladesh,2023-11-30,,,,29477
Bangladesh,2023-12-01,,,,29477
Bangladesh,2023-12-02,,,,29477
Bangladesh,2023-12-03,,,,29477
Bangladesh,2023-12-04,761387.25,320854.5,1098168.1,29477
Bangladesh,2023-12-05,,,,29477
Bangladesh,2023-12-06,,,,29477
Bangladesh,2023-12-07,,,,29477
Bangladesh,2023-12-08,,,,29477
Bangladesh,2023-12-09,,,,29477
Bangladesh,2023-12-10,,,,29477
Bangladesh,2023-12-11,765541.8,320529.47,1106675.8,29477
Bangladesh,2023-12-12,,,,29477
Bangladesh,2023-12-13,,,,29477
Bangladesh,2023-12-14,,,,29477
Bangladesh,2023-12-15,,,,29477
Bangladesh,2023-12-16,,,,29477
Bangladesh,2023-12-17,,,,29477
Bangladesh,2023-12-18,769693.4,320472.06,1115165.2,29477
Bangladesh,2023-12-19,,,,29477
Bangladesh,2023-12-20,,,,29477
Bangladesh,2023-12-21,,,,29477
Bangladesh,2023-12-22,,,,29477
Bangladesh,2023-12-23,,,,29477
Bangladesh,2023-12-24,,,,29477
Bangladesh,2023-12-25,773765.8,320422.62,1123848.1,29477
Bangladesh,2023-12-26,,,,29477
Bangladesh,2023-12-27,,,,29477
Bangladesh,2023-12-28,,,,29477
Bangladesh,2023-12-29,,,,29477
Bangladesh,2023-12-30,,,,29477
Bangladesh,2023-12-31,,,,29477
Bangladesh,2024-01-01,777939.25,320378.75,1132439.5,29477
Bangladesh,2024-01-02,,,,29477
Bangladesh,2024-01-03,,,,29477
Bangladesh,2024-01-04,,,,29477
Bangladesh,2024-01-05,,,,29477
Bangladesh,2024-01-06,,,,29477
Bangladesh,2024-01-07,,,,29477
Bangladesh,2024-01-08,782170.25,320271.97,1141030.9,29477
Bangladesh,2024-01-09,,,,29477
Bangladesh,2024-01-10,,,,29477
Bangladesh,2024-01-11,,,,29478
Bangladesh,2024-01-12,,,,29478
Bangladesh,2024-01-13,,,,29478
Bangladesh,2024-01-14,,,,29479
Bangladesh,2024-01-15,786350.44,320206.9,1149627.2,29479
Bangladesh,2024-01-16,,,,29479
Bangladesh,2024-01-17,,,,29479
Bangladesh,2024-01-18,,,,29479
Bangladesh,2024-01-19,,,,29479
Bangladesh,2024-01-20,,,,29479
Bangladesh,2024-01-21,,,,29480
Bangladesh,2024-01-22,790572.5,320057.4,1158243.1,29481
Bangladesh,2024-01-23,,,,29481
Bangladesh,2024-01-24,,,,29481
Bangladesh,2024-01-25,,,,29481
Bangladesh,2024-01-26,,,,29481
Bangladesh,2024-01-27,,,,29481
Bangladesh,2024-01-28,,,,29481
Bangladesh,2024-01-29,794665.3,319921.22,1166859,29481
Bangladesh,2024-01-30,,,,29482
Bangladesh,2024-01-31,,,,29482
Bangladesh,2024-02-01,,,,29482
Bangladesh,2024-02-02,,,,29482
Bangladesh,2024-02-03,,,,29482
Bangladesh,2024-02-04,,,,29482
Bangladesh,2024-02-05,799444.44,319805.75,1175373.1,29482
Bangladesh,2024-02-06,,,,29482
Bangladesh,2024-02-07,,,,29483
Bangladesh,2024-02-08,,,,29483
Bangladesh,2024-02-09,,,,29483
Bangladesh,2024-02-10,,,,29483
Bangladesh,2024-02-11,,,,29483
Bangladesh,2024-02-12,804201.06,319699.6,1183897.6,29484
Bangladesh,2024-02-13,,,,29484
Bangladesh,2024-02-14,,,,29484
Bangladesh,2024-02-15,,,,29484
Bangladesh,2024-02-16,,,,29485
Bangladesh,2024-02-17,,,,29486
Bangladesh,2024-02-18,,,,29486
Bangladesh,2024-02-19,808970.06,319599.72,1192420.4,29486
Bangladesh,2024-02-20,,,,29486
Bangladesh,2024-02-21,,,,29486
Bangladesh,2024-02-22,,,,29487
Bangladesh,2024-02-23,,,,29488
Bangladesh,2024-02-24,,,,29488
Bangladesh,2024-02-25,,,,29489
Bangladesh,2024-02-26,813073.94,319505.88,1200273.8,29489
Bangladesh,2024-02-27,,,,29489
Bangladesh,2024-02-28,,,,29489
Bangladesh,2024-02-29,,,,29490
Bangladesh,2024-03-01,,,,29491
Bangladesh,2024-03-02,,,,29491
Bangladesh,2024-03-03,,,,29491
Bangladesh,2024-03-04,816956.7,319359.3,1204460.8,29491
Bangladesh,2024-03-05,,,,29491
Bangladesh,2024-03-06,,,,29491
Bangladesh,2024-03-07,,,,29491
Bangladesh,2024-03-08,,,,29492
Bangladesh,2024-03-09,,,,29492
Bangladesh,2024-03-10,,,,29492
Bangladesh,2024-03-11,821566.9,319212.78,1208619.2,29492
Bangladesh,2024-03-12,,,,29492
Bangladesh,2024-03-13,,,,29492
Bangladesh,2024-03-14,,,,29492
Bangladesh,2024-03-15,,,,29492
Bangladesh,2024-03-16,,,,29492
Bangladesh,2024-03-17,,,,29492
Bangladesh,2024-03-18,826219.9,319017.56,1215832.8,29492
Bangladesh,2024-03-19,,,,29493
Bangladesh,2024-03-20,,,,29493
Bangladesh,2024-03-21,,,,29493
Bangladesh,2024-03-22,,,,29493
Bangladesh,2024-03-23,,,,29493
Bangladesh,2024-03-24,,,,29493
Bangladesh,2024-03-25,830871.3,318797.66,1227860.6,29493
Bangladesh,2024-03-26,,,,29493
Bangladesh,2024-03-27,,,,29493
Bangladesh,2024-03-28,,,,29493
Bangladesh,2024-03-29,,,,29493
Bangladesh,2024-03-30,,,,29493
Bangladesh,2024-03-31,,,,29493
Bangladesh,2024-04-01,835236.94,318608.06,1239824,29493
Bangladesh,2024-04-02,,,,29493
Bangladesh,2024-04-03,,,,29493
Bangladesh,2024-04-04,,,,29493
Bangladesh,2024-04-05,,,,29493
Bangladesh,2024-04-06,,,,29493
Bangladesh,2024-04-07,,,,29493
Bangladesh,2024-04-08,840291.1,318389,1251385.8,29493
Bangladesh,2024-04-09,,,,29493
Bangladesh,2024-04-10,,,,29493
Bangladesh,2024-04-11,,,,29493
Bangladesh,2024-04-12,,,,29493
Bangladesh,2024-04-13,,,,29493
Bangladesh,2024-04-14,,,,29493
Bangladesh,2024-04-15,845322.2,317917.7,1259844.9,29493
Bangladesh,2024-04-16,,,,29493
Bangladesh,2024-04-17,,,,29493
Bangladesh,2024-04-18,,,,29494
Bangladesh,2024-04-19,,,,29494
Bangladesh,2024-04-20,,,,29494
Bangladesh,2024-04-21,,,,29494
Bangladesh,2024-04-22,850379.25,317698.62,1268317.5,29494
Bangladesh,2024-04-23,,,,29494
Bangladesh,2024-04-24,,,,29494
Bangladesh,2024-04-25,,,,29494
Bangladesh,2024-04-26,,,,29494
Bangladesh,2024-04-27,,,,29494
Bangladesh,2024-04-28,,,,29494
Bangladesh,2024-04-29,855466.2,317484.56,1276790,29494
Bangladesh,2024-04-30,,,,29494
Bangladesh,2024-05-01,,,,29494
Bangladesh,2024-05-02,,,,29494
Bangladesh,2024-05-03,,,,29494
Bangladesh,2024-05-04,,,,29494
Bangladesh,2024-05-05,,,,29494
Bangladesh,2024-05-06,860560.25,317270.5,1285262.6,29494
Bangladesh,2024-05-07,,,,29494
Bangladesh,2024-05-08,,,,29494
Bangladesh,2024-05-09,,,,29494
Bangladesh,2024-05-10,,,,29494
Bangladesh,2024-05-11,,,,29494
Bangladesh,2024-05-12,,,,29494
Bangladesh,2024-05-13,865613.56,317006.22,1293735.2,29494
Bangladesh,2024-05-14,,,,29494
Bangladesh,2024-05-15,,,,29494
Bangladesh,2024-05-16,,,,29494
Bangladesh,2024-05-17,,,,29494
Bangladesh,2024-05-18,,,,29495
Bangladesh,2024-05-19,,,,29495
Bangladesh,2024-05-20,870665.9,316741.9,1302207.9,29495
Bangladesh,2024-05-21,,,,29495
Bangladesh,2024-05-22,,,,29495
Bangladesh,2024-05-23,,,,29495
Bangladesh,2024-05-24,,,,29495
Bangladesh,2024-05-25,,,,29495
Bangladesh,2024-05-26,,,,29495
Bangladesh,2024-05-27,875787.06,316597.66,1310663.1,29495
Bangladesh,2024-05-28,,,,29495
Bangladesh,2024-05-29,,,,29495
Bangladesh,2024-05-30,,,,29495
Bangladesh,2024-05-31,,,,29495
Bangladesh,2024-06-01,,,,29495
Bangladesh,2024-06-02,,,,29495
Bangladesh,2024-06-03,880552.06,316107.53,1319276.4,29495
Bangladesh,2024-06-04,,,,29495
Bangladesh,2024-06-05,,,,29495
Bangladesh,2024-06-06,,,,29495
Bangladesh,2024-06-07,,,,29495
Bangladesh,2024-06-08,,,,29495
Bangladesh,2024-06-09,,,,29495
Bangladesh,2024-06-10,885720.4,315753.72,1329050.4,29495
Bangladesh,2024-06-11,,,,29495
Bangladesh,2024-06-12,,,,29495
Bangladesh,2024-06-13,,,,29495
Bangladesh,2024-06-14,,,,29495
Bangladesh,2024-06-15,,,,29496
Bangladesh,2024-06-16,,,,29496
Bangladesh,2024-06-17,887286.75,316019.47,1336376.8,29496
Bangladesh,2024-06-18,,,,29496
Bangladesh,2024-06-19,,,,29496
Bangladesh,2024-06-20,,,,29497
Bangladesh,2024-06-21,,,,29497
Bangladesh,2024-06-22,,,,29497
Bangladesh,2024-06-23,,,,29497
Bangladesh,2024-06-24,,,,29497
Bangladesh,2024-06-25,,,,29497
Bangladesh,2024-06-26,,,,29497
Bangladesh,2024-06-27,,,,29497
Bangladesh,2024-06-28,,,,29498
Bangladesh,2024-06-29,,,,29498
Bangladesh,2024-06-30,,,,29498
Bangladesh,2024-07-01,,,,29498
Bangladesh,2024-07-02,,,,29498
Bangladesh,2024-07-03,,,,29498
Bangladesh,2024-07-04,,,,29498
Bangladesh,2024-07-05,,,,29498
Bangladesh,2024-07-06,,,,29498
Bangladesh,2024-07-07,,,,29498
Bangladesh,2024-07-08,,,,29498
Bangladesh,2024-07-09,,,,29498
Bangladesh,2024-07-10,,,,29498
Bangladesh,2024-07-11,,,,29498
Bangladesh,2024-07-12,,,,29498
Bangladesh,2024-07-13,,,,29498
Bangladesh,2024-07-14,,,,29498
Bangladesh,2024-07-15,,,,29498
Bangladesh,2024-07-16,,,,29498
Bangladesh,2024-07-17,,,,29498
Bangladesh,2024-07-18,,,,29498
Bangladesh,2024-07-19,,,,29498
Bangladesh,2024-07-20,,,,29498
Bangladesh,2024-07-21,,,,29498
Bangladesh,2024-07-22,,,,29498
Bangladesh,2024-07-23,,,,29498
Bangladesh,2024-07-24,,,,29498
Bangladesh,2024-07-25,,,,29498
Bangladesh,2024-07-26,,,,29499
Bangladesh,2024-07-27,,,,29499
Bangladesh,2024-07-28,,,,29499
Bangladesh,2024-07-29,,,,29499
Bangladesh,2024-07-30,,,,29499
Bangladesh,2024-07-31,,,,29499
Bangladesh,2024-08-01,,,,29499
Bangladesh,2024-08-02,,,,29499
Bangladesh,2024-08-03,,,,29499
Bangladesh,2024-08-04,,,,29499
Bangladesh,2024-08-05,,,,29499
Bangladesh,2024-08-06,,,,29499
Bangladesh,2024-08-07,,,,29499
Bangladesh,2024-08-08,,,,29499
Bangladesh,2024-08-09,,,,29499
Bangladesh,2024-08-10,,,,29499
Bangladesh,2024-08-11,,,,29499
Bangladesh,2024-08-12,,,,29499
Bangladesh,2024-08-13,,,,29499
Bangladesh,2024-08-14,,,,29499
Bangladesh,2024-08-15,,,,29499
Bangladesh,2024-08-16,,,,29499
Bangladesh,2024-08-17,,,,29499
Bangladesh,2024-08-18,,,,29499
Bangladesh,2024-08-19,,,,29499
Bangladesh,2024-08-20,,,,29499
Bangladesh,2024-08-21,,,,29499
Bangladesh,2024-08-22,,,,29499
Bangladesh,2024-08-23,,,,29499
Bangladesh,2024-08-24,,,,29499
Bangladesh,2024-08-25,,,,29499
Bangladesh,2024-08-26,,,,29499
Bangladesh,2024-08-27,,,,29499
Bangladesh,2024-08-28,,,,29499
Bangladesh,2024-08-29,,,,29499
Bangladesh,2024-08-30,,,,29499
Bangladesh,2024-08-31,,,,29499
Bangladesh,2024-09-01,,,,29499
Bangladesh,2024-09-02,,,,29499
Bangladesh,2024-09-03,,,,29499
Bangladesh,2024-09-04,,,,29499
Bangladesh,2024-09-05,,,,29499
Bangladesh,2024-09-06,,,,29499
Bangladesh,2024-09-07,,,,29499
Bangladesh,2024-09-08,,,,29499
Bangladesh,2024-09-09,,,,29499
Bangladesh,2024-09-10,,,,29499
Bangladesh,2024-09-11,,,,29499
Bangladesh,2024-09-12,,,,29499
Bangladesh,2024-09-13,,,,29499
Bangladesh,2024-09-14,,,,29499
Bangladesh,2024-09-15,,,,29499
Bangladesh,2024-09-16,,,,29499
Bangladesh,2024-09-17,,,,29499
Bangladesh,2024-09-18,,,,29499
Bangladesh,2024-09-19,,,,29499
Bangladesh,2024-09-20,,,,29499
Bangladesh,2024-09-21,,,,29499
Bangladesh,2024-09-22,,,,29499
Bangladesh,2024-09-23,,,,29499
Bangladesh,2024-09-24,,,,29499
Bangladesh,2024-09-25,,,,29499
Bangladesh,2024-09-26,,,,29499
Bangladesh,2024-09-27,,,,29499
Bangladesh,2024-09-28,,,,29499
Bangladesh,2024-09-29,,,,29499
Bangladesh,2024-09-30,,,,29499
Bangladesh,2024-10-01,,,,29499
Bangladesh,2024-10-02,,,,29499
Bangladesh,2024-10-03,,,,29499
Bangladesh,2024-10-04,,,,29499
Bangladesh,2024-10-05,,,,29499
Bangladesh,2024-10-06,,,,29499
Bangladesh,2024-10-07,,,,29499
Bangladesh,2024-10-08,,,,29499
Bangladesh,2024-10-09,,,,29499
Bangladesh,2024-10-10,,,,29499
Bangladesh,2024-10-11,,,,29499
Bangladesh,2024-10-12,,,,29499
Bangladesh,2024-10-13,,,,29499
Bangladesh,2024-10-14,,,,29499
Bangladesh,2024-10-15,,,,29499
Bangladesh,2024-10-16,,,,29499
Bangladesh,2024-10-17,,,,29499
Bangladesh,2024-10-18,,,,29499
Bangladesh,2024-10-19,,,,29499
Bangladesh,2024-10-20,,,,29499
Bangladesh,2024-10-21,,,,29499
Bangladesh,2024-10-22,,,,29499
Bangladesh,2024-10-23,,,,29499
Bangladesh,2024-10-24,,,,29499
Bangladesh,2024-10-25,,,,29499
Bangladesh,2024-10-26,,,,29499
Bangladesh,2024-10-27,,,,29499
Bangladesh,2024-10-28,,,,29499
Bangladesh,2024-10-29,,,,29499
Bangladesh,2024-10-30,,,,29499
Bangladesh,2024-10-31,,,,29499
Bangladesh,2024-11-01,,,,29499
Bangladesh,2024-11-02,,,,29499
Bangladesh,2024-11-03,,,,29499
Bangladesh,2024-11-04,,,,29499
Bangladesh,2024-11-05,,,,29499
Bangladesh,2024-11-06,,,,29499
Bangladesh,2024-11-07,,,,29499
Bangladesh,2024-11-08,,,,29499
Bangladesh,2024-11-09,,,,29499
Bangladesh,2024-11-10,,,,29499
Bangladesh,2024-11-11,,,,29499
Bangladesh,2024-11-12,,,,29499
Bangladesh,2024-11-13,,,,29499
Bangladesh,2024-11-14,,,,29499
Bangladesh,2024-11-15,,,,29499
Bangladesh,2024-11-16,,,,29499
Bangladesh,2024-11-17,,,,29499
Bangladesh,2024-11-18,,,,29499
Bangladesh,2024-11-19,,,,29499
Bangladesh,2024-11-20,,,,29499
Bangladesh,2024-11-21,,,,29499
Bangladesh,2024-11-22,,,,29499
Bangladesh,2024-11-23,,,,29499
Bangladesh,2024-11-24,,,,29499
Bangladesh,2024-11-25,,,,29499
Bangladesh,2024-11-26,,,,29499
Bangladesh,2024-11-27,,,,29499
Bangladesh,2024-11-28,,,,29499
Bangladesh,2024-11-29,,,,29499
Bangladesh,2024-11-30,,,,29499
Bangladesh,2024-12-01,,,,29499
Bangladesh,2024-12-02,,,,29499
Bangladesh,2024-12-03,,,,29499
Bangladesh,2024-12-04,,,,29499
Bangladesh,2024-12-05,,,,29499
Bangladesh,2024-12-06,,,,29499
Bangladesh,2024-12-07,,,,29499
Bangladesh,2024-12-08,,,,29499
Bangladesh,2024-12-09,,,,29499
Bangladesh,2024-12-10,,,,29499
Bangladesh,2024-12-11,,,,29499
Bangladesh,2024-12-12,,,,29499
Bangladesh,2024-12-13,,,,29499
Bangladesh,2024-12-14,,,,29499
Bangladesh,2024-12-15,,,,29499
Bangladesh,2024-12-16,,,,29499
Bangladesh,2024-12-17,,,,29499
Bangladesh,2024-12-18,,,,29499
Bangladesh,2024-12-19,,,,29499
Bangladesh,2024-12-20,,,,29499
Bangladesh,2024-12-21,,,,29499
Bangladesh,2024-12-22,,,,29499
Bangladesh,2024-12-23,,,,29499
Bangladesh,2024-12-24,,,,29499
Bangladesh,2024-12-25,,,,29499
Bangladesh,2024-12-26,,,,29499
Bangladesh,2024-12-27,,,,29499
Bangladesh,2024-12-28,,,,29499
Bangladesh,2024-12-29,,,,29499
Bangladesh,2024-12-30,,,,29499
Bangladesh,2024-12-31,,,,29499
Bangladesh,2025-01-01,,,,29499
Bangladesh,2025-01-02,,,,29499
Bangladesh,2025-01-03,,,,29499
Bangladesh,2025-01-04,,,,29499
Bangladesh,2025-01-05,,,,29499
Bangladesh,2025-01-06,,,,29499
Bangladesh,2025-01-07,,,,29499
Bangladesh,2025-01-08,,,,29499
Bangladesh,2025-01-09,,,,29499
Bangladesh,2025-01-10,,,,29499
Bangladesh,2025-01-11,,,,29499
Bangladesh,2025-01-12,,,,29499
Bangladesh,2025-01-13,,,,29499
Bangladesh,2025-01-14,,,,29499
Bangladesh,2025-01-15,,,,29499
Bangladesh,2025-01-16,,,,29499
Bangladesh,2025-01-17,,,,29499
Bangladesh,2025-01-18,,,,29499
Bangladesh,2025-01-19,,,,29499